<?xml version="1.0" encoding="UTF-8"?>
<!DOCTYPE configuration 
          PUBLIC "-//mybatis.org/DTD Config 3.0//EN" 
          "http://mybatis.org/dtd/mybatis-3-config.dtd" >
<configuration>

	<!-- 
		MyBatis에 대한 기본 세팅정보가 나와요!
		MyBatis가 동작하는 기본적인 방식에 대한 세팅정보가 있어요!
	 -->
	 <settings>
	    <!-- Data가 없을경우 NULL로 처리할 꺼예요! -->
	 	<setting name="jdbcTypeForNull" value="NULL"/>
	 	<!-- Log4J와 Mybatis를 연동해서 Query문과 실행결과를 log로 출력해요! -->
	 	<setting name="logImpl" value="LOG4J2"/>
	 </settings>
	 
	 <!-- 별명지정하는게 나와요! 타이핑 줄이기위해서 사용해요! -->
	 <!-- 
	 <typeAliases>
	 	<typeAlias type="member.vo.Member" alias="Member"/>
	 	<typeAlias type="board.vo.Board" alias="Board"/>
	 </typeAliases>
 	-->
</configuration>
