<?xml version="1.0" encoding="UTF-8"?>

<!DOCTYPE mapper
  PUBLIC "-//mybatis.org//DTD Mapper 3.0//EN"
  "http://mybatis.org/dtd/mybatis-3-mapper.dtd">

<mapper namespace="myBook">

	<select id="countBooks" resultType="int">
		select count(*) from book
	</select>

	<!-- resultMap의 일반적인 사용법 -->
	<resultMap id="result"
		type="my.spring.springweb.sample11.vo.Book">
		<result property="bookIsbn" column="bisbn" jdbcType="VARCHAR"
			javaType="String" />
		<result property="bookTitle" column="btitle" jdbcType="VARCHAR"
			javaType="String" />
		<result property="bookAuthor" column="bauthor" />
		<result property="bookPrice" column="bprice" />
	</resultMap>

	<select id="selectAll" resultMap="result">
	    <![CDATA[	
			SELECT bisbn, btitle, bauthor, bprice
			FROM book			
		]]>
	</select>

	<select id="selectBookByKeyword" parameterType="String"
		resultMap="result">
	    <![CDATA[	
			SELECT bisbn, btitle, bauthor, bprice
			FROM book			
			WHERE btitle LIKE CONCAT('%', #{Keyword}, '%')
		]]>
	</select>

</mapper>